Id,Name,Shape Library,Page ID,Contained By,Group,Line Source,Line Destination,Source Arrow,Destination Arrow,Text Area 1
1,Page,,,,,,,,,Page 1
2,Connector,Flowchart Shapes,1,,,,,,,User Input
3,Process,Flowchart Shapes,1,,,,,,, API: Gather Data for Day-(Day+6)
4,Cloud,Geometric Shapes,1,,,,,,,Date^Location 
5,Cloud,Geometric Shapes,1,,,,,,,moonrise
6,Cloud,Geometric Shapes,1,,,,,,,moonphase
7,Cloud,Geometric Shapes,1,,,,,,,moon illumination
8,Process,Flowchart Shapes,1,,,,,,,Rise.CSV
9,Process,Flowchart Shapes,1,,,,,,,Phase.CSV
10,Process,Flowchart Shapes,1,,,,,,,Illuminaton.CSV
11,Diamond,Geometric Shapes,1,,,,,,,MaxIlum (Function)
12,Circle,Geometric Shapes,1,,,,,,,App
13,Cloud,Geometric Shapes,1,,,,,,,Day of Max Visability
14,Cloud,Geometric Shapes,1,,,,,,,Requested Day's Information
15,Paper Tape,Flowchart Shapes,1,,,,,,,MOON DATA FLOW CHART
16,Line,,1,,,2,4,None,Arrow,
17,Line,,1,,,4,3,None,Arrow,
18,Line,,1,,,3,5,None,Arrow,
19,Line,,1,,,5,8,None,Arrow,
20,Line,,1,,,6,9,None,Arrow,
21,Line,,1,,,7,10,None,Arrow,
22,Line,,1,,,9,14,None,Arrow,
23,Line,,1,,,8,14,None,Arrow,
24,Line,,1,,,14,12,None,Arrow,
25,Line,,1,,,3,7,None,Arrow,
26,Line,,1,,,10,11,None,Arrow,
27,Line,,1,,,11,13,None,Arrow,
28,Line,,1,,,13,12,None,Arrow,
29,Line,,1,,,3,6,None,Arrow,